USE datameta;

CREATE TABLE IF NOT EXISTS t_operator
(
    id          varchar(64) primary key,
    name        varchar(64),
    description varchar(256),
    version     varchar(256),
    inputs      varchar(256),
    outputs     varchar(256),
    runtime     text,
    settings    text,
    file_name   text,
    is_star     bool,
    created_at  timestamp default current_timestamp,
    updated_at  timestamp default current_timestamp
);

CREATE TABLE IF NOT EXISTS t_operator_category
(
    id        int primary key auto_increment,
    name      varchar(64),
    type      varchar(64),
    parent_id int
);

CREATE TABLE IF NOT EXISTS t_operator_category_relation
(
    category_id int,
    operator_id varchar(64),
    primary key (category_id, operator_id)
);

CREATE OR REPLACE VIEW v_operator AS
SELECT o.id     AS operator_id,
       o.name   AS operator_name,
       description,
       version,
       inputs,
       outputs,
       runtime,
       settings,
       is_star,
       created_at,
       updated_at,
       toc.id   AS category_id,
       toc.name AS category_name
FROM t_operator_category_relation tocr
         LEFT JOIN t_operator o ON tocr.operator_id = o.id
         LEFT JOIN t_operator_category toc ON tocr.category_id = toc.id;

INSERT IGNORE INTO t_operator_category(id, name, type, parent_id)
VALUES (1, '模态', 'predefined', 0),
       (2, '语言', 'predefined', 0),
       (3, '文本', 'predefined', 1),
       (4, '图片', 'predefined', 1),
       (5, '音频', 'predefined', 1),
       (6, '视频', 'predefined', 1),
       (7, '多模态', 'predefined', 1),
       (8, 'Python', 'predefined', 2),
       (9, 'Java', 'predefined', 2),
       (10, '来源', 'predefined', 0),
       (11, '系统预置', 'predefined', 10),
       (12, '用户上传', 'predefined', 10),
       (13, '收藏状态', 'predefined', 0),
       (14, '已收藏', 'predefined', 13);

INSERT IGNORE INTO t_operator
(id, name, description, version, inputs, outputs, runtime, settings, file_name, is_star)
VALUES ('TextFormatter', 'TXT文本抽取', '抽取TXT中的文本。', '1.0.0', 'text', 'text', null, null, '', false),
       ('FileExporter', '落盘算子', '将文件保存到本地目录。', '1.0.0', 'all', 'all', null, null, '', false),
       ('FileWithHighRepeatPhraseRateFilter', '文档词重复率检查', '去除重复词过多的文档。', '1.0.0', 'text', 'text', null, '{"repeatPhraseRatio": {"name": "文档词重复率", "description": "某个词的统计数/文档总词数 > 设定值，该文档被去除。", "type": "slider", "defaultVal": 0.5, "min": 0, "max": 1, "step": 0.1}, "hitStopwords": {"name": "去除停用词", "description": "统计重复词时，选择是否要去除停用词。", "type": "switch", "defaultVal": false, "required": true, "checkedLabel": "去除", "unCheckedLabel": "不去除"}}', '', 'false'),
       ('FileWithHighRepeatWordRateFilter', '文档字重复率检查', '去除重复字过多的文档。', '1.0.0', 'text', 'text', null, '{"repeatWordRatio": {"name": "文档字重复率", "description": "某个字的统计数/文档总字数 > 设定值，该文档被去除。", "type": "slider", "defaultVal": 0.5, "min": 0, "max": 1, "step": 0.1}}', '', 'false'),
       ('FileWithHighSpecialCharRateFilter', '文档特殊字符率检查', '去除特殊字符过多的文档。', '1.0.0', 'text', 'text', null, '{"specialCharRatio": {"name": "文档特殊字符率", "description": "特殊字符的统计数/文档总字数 > 设定值，该文档被去除。", "type": "slider", "defaultVal": 0.3, "min": 0, "max": 1, "step": 0.1}}', '', 'false'),
       ('DuplicateFilesFilter', '相似文档去除', '相似文档去除。', '1.0.0', 'text', 'text', null, '{"fileDuplicateThreshold": {"name": "文档相似度", "description": "基于MinHash算法和Jaccard相似度，计算当前文档与数据集中其它文档相似性，超过设定值，该文档被去除。", "type": "slider", "defaultVal": 0.5, "min": 0, "max": 1, "step": 0.1}}', '', 'false'),
       ('FileWithManySensitiveWordsFilter', '文档敏感词率检查', '去除敏感词过多的文档。', '1.0.0', 'text', 'text', null, '{"sensitiveWordsRate": {"name": "文档敏感词率", "description": "敏感词的字数/文档总字数 > 设定值，该文档被去除。", "type": "slider", "defaultVal": 0.01, "min": 0, "max": 1, "step": 0.01}}', '', 'false'),
       ('FileWithShortOrLongLengthFilter', '文档字数检查', '字数不在指定范围会被过滤掉。', '1.0.0', 'text', 'text', null, '{"fileLength": {"name": "文档字数", "description": "过滤字数不在指定范围内的文档，如[10,10000000]。若输入为空，则不对字数上/下限做限制。", "type": "range", "defaultVal": [10, 10000000], "min": 0, "max": 10000000000000000, "step": 1}}', '', 'false'),
       ('ContentCleaner', '文档目录去除', '去除文档中的目录。', '1.0.0', 'text', 'text', null, null, '', 'false'),
       ('AnonymizedCreditCardNumber', '信用卡号匿名化', '信用卡号匿名化', '1.0.0', 'text', 'text', null, null, '', 'false'),
       ('EmailNumberCleaner', '邮件地址匿名化', '邮件地址匿名化', '1.0.0', 'text', 'text', null, null, '', 'false'),
       ('EmojiCleaner', '文档表情去除', '去除文档中表情字符或者emoji符号。', '1.0.0', 'text', 'text', null, null, '', 'false'),
       ('ExtraSpaceCleaner', '多余空格去除', '移除文档首尾、句中或标点符号附近多余空格和 tab 等。', '1.0.0', 'text', 'text', null, null, '', 'false'),
       ('FullWidthCharacterCleaner', '全角转半角', '将文档中的所有全角字符转换成半角字符。', '1.0.0', 'text', 'text', null, null, '', 'false'),
       ('GrableCharactersCleaner', '文档乱码去除', '去除文档中的乱码和无意义的unicode。', '1.0.0', 'text', 'text', null, null, '', 'false'),
       ('HtmlTagCleaner', 'HTML标签去除', '移除文档中HTML标签，如 <html>、<dev>、<p> 等。', '1.0.0', 'text', 'text', null, null, '', 'false'),
       ('AnonymizedIdNumber', '身份证号匿名化', '身份证号匿名化。', '1.0.0', 'text', 'text', null, null, '', 'false'),
       ('InvisibleCharactersCleaner', '不可见字符去除', '去除文档中的不可见字符，例如 0-31 号字符中的部分字符。', '1.0.0', 'text', 'text', null, null, '', 'false'),
       ('AnonymizedIpAddress', 'IP地址匿名化', 'IP地址匿名化', '1.0.0', 'text', 'text', null, null, '', 'false'),
       ('LegendCleaner', '图注表注去除', '去除文档中的图注、表注等内容。', '1.0.0', 'text', 'text', null, null, '', 'false'),
       ('AnonymizedPhoneNumber', '电话号码匿名化', '电话号码匿名化', '1.0.0', 'text', 'text', null, null, '', 'false'),
       ('PoliticalWordCleaner', '政治文本匿名化', '将政治文本进行匿名化。', '1.0.0', 'text', 'text', null, null, '', 'false'),
       ('DuplicateSentencesFilter', '文档局部内容去重', '文档局部内容去重。', '1.0.0', 'text', 'text', null, null, '', 'false'),
       ('SexualAndViolentWordCleaner', '暴力色情文本匿名化', '将暴力、色情文本进行匿名化。', '1.0.0', 'text', 'text', null, null, '', 'false'),
       ('TraditionalChineseCleaner', '繁体转简体', '将繁体转换为简体。', '1.0.0', 'text', 'text', null, null, '', 'false'),
       ('UnicodeSpaceCleaner', '空格标准化', '将文档中不同的 unicode 空格，如 u2008，转换为正常空格\\u0020。', '1.0.0', 'text', 'text', null, null, '', 'false'),
       ('AnonymizedUrlCleaner', 'URL网址匿名化', '将文档中的url网址匿名化。', '1.0.0', 'text', 'text', null, null, '', 'false'),
       ('XMLTagCleaner', 'XML标签去除', '去除XML中的标签。', '1.0.0', 'text', 'text', null, null, '', 'false');


INSERT IGNORE INTO t_operator_category_relation(category_id, operator_id)
VALUES (3, 'TextFormatter'),
       (7, 'FileExporter'),
       (8, 'TextFormatter'),
       (8, 'FileExporter'),
       (3, 'FileWithShortOrLongLengthFilter'),
       (3, 'FileWithHighRepeatPhraseRateFilter'),
       (3, 'FileWithHighRepeatWordRateFilter'),
       (3, 'FileWithHighSpecialCharRateFilter'),
       (3, 'FileWithManySensitiveWordsFilter'),
       (3, 'DuplicateFilesFilter'),
       (3, 'DuplicateSentencesFilter'),
       (3, 'AnonymizedCreditCardNumber'),
       (3, 'AnonymizedIdNumber'),
       (3, 'AnonymizedIpAddress'),
       (3, 'AnonymizedPhoneNumber'),
       (3, 'AnonymizedUrlCleaner'),
       (3, 'HtmlTagCleaner'),
       (3, 'XMLTagCleaner'),
       (3, 'ContentCleaner'),
       (3, 'EmailNumberCleaner'),
       (3, 'EmojiCleaner'),
       (3, 'ExtraSpaceCleaner'),
       (3, 'FullWidthCharacterCleaner'),
       (3, 'GrableCharactersCleaner'),
       (3, 'InvisibleCharactersCleaner'),
       (3, 'LegendCleaner'),
       (3, 'PoliticalWordCleaner'),
       (3, 'SexualAndViolentWordCleaner'),
       (3, 'TraditionalChineseCleaner'),
       (3, 'UnicodeSpaceCleaner'),
       (8, 'FileWithShortOrLongLengthFilter'),
       (8, 'FileWithHighRepeatPhraseRateFilter'),
       (8, 'FileWithHighRepeatWordRateFilter'),
       (8, 'FileWithHighSpecialCharRateFilter'),
       (8, 'FileWithManySensitiveWordsFilter'),
       (8, 'DuplicateFilesFilter'),
       (8, 'DuplicateSentencesFilter'),
       (8, 'AnonymizedCreditCardNumber'),
       (8, 'AnonymizedIdNumber'),
       (8, 'AnonymizedIpAddress'),
       (8, 'AnonymizedPhoneNumber'),
       (8, 'AnonymizedUrlCleaner'),
       (8, 'HtmlTagCleaner'),
       (8, 'XMLTagCleaner'),
       (8, 'ContentCleaner'),
       (8, 'EmailNumberCleaner'),
       (8, 'EmojiCleaner'),
       (8, 'ExtraSpaceCleaner'),
       (8, 'FullWidthCharacterCleaner'),
       (8, 'GrableCharactersCleaner'),
       (8, 'InvisibleCharactersCleaner'),
       (8, 'LegendCleaner'),
       (8, 'PoliticalWordCleaner'),
       (8, 'SexualAndViolentWordCleaner'),
       (8, 'TraditionalChineseCleaner'),
       (8, 'UnicodeSpaceCleaner'),
       (11, 'TextFormatter'),
       (11, 'FileExporter'),
       (11, 'FileWithShortOrLongLengthFilter'),
       (11, 'FileWithHighRepeatPhraseRateFilter'),
       (11, 'FileWithHighRepeatWordRateFilter'),
       (11, 'FileWithHighSpecialCharRateFilter'),
       (11, 'FileWithManySensitiveWordsFilter'),
       (11, 'DuplicateFilesFilter'),
       (11, 'DuplicateSentencesFilter'),
       (11, 'AnonymizedCreditCardNumber'),
       (11, 'AnonymizedIdNumber'),
       (11, 'AnonymizedIpAddress'),
       (11, 'AnonymizedPhoneNumber'),
       (11, 'AnonymizedUrlCleaner'),
       (11, 'HtmlTagCleaner'),
       (11, 'XMLTagCleaner'),
       (11, 'ContentCleaner'),
       (11, 'EmailNumberCleaner'),
       (11, 'EmojiCleaner'),
       (11, 'ExtraSpaceCleaner'),
       (11, 'FullWidthCharacterCleaner'),
       (11, 'GrableCharactersCleaner'),
       (11, 'InvisibleCharactersCleaner'),
       (11, 'LegendCleaner'),
       (11, 'PoliticalWordCleaner'),
       (11, 'SexualAndViolentWordCleaner'),
       (11, 'TraditionalChineseCleaner'),
       (11, 'UnicodeSpaceCleaner');
